{"Total_C":0.4936628026,"non_HDL_C":0.5164674406,"Remnant_C":0.6532108229,"VLDL_C":0.3828863886,"Clinical_LDL_C":0.575393497,"LDL_C":0.5990698252,"HDL_C":0.3952987126,"Total_TG":0.4403097706,"VLDL_TG":0.2829653929,"LDL_TG":0.3853417252,"HDL_TG":0.4276699237,"Total_PL":0.4489538971,"VLDL_PL":0.4390310558,"LDL_PL":0.6746811806,"HDL_PL":0.3728938602,"Total_CE":0.5153320092,"VLDL_CE":0.5662337948,"LDL_CE":0.5246245126,"HDL_CE":0.3531335985,"Total_FC":0.5931529832,"VLDL_FC":0.301402725,"LDL_FC":0.5771406743,"HDL_FC":0.3946455433,"Total_L":0.4619444493,"VLDL_L":0.408046569,"LDL_L":0.5248116096,"HDL_L":0.4077728818,"Total_P":0.5070439732,"VLDL_P":0.4664154448,"LDL_P":0.5642359923,"HDL_P":0.3896995454,"VLDL_size":0.6041340002,"LDL_size":0.2550412657,"HDL_size":0.575327992,"Phosphoglyc":0.4137623691,"TG_by_PG":0.5442254048,"Cholines":0.3830938484,"Phosphatidylc":0.4238527537,"Sphingomyelins":0.5469788967,"ApoB":0.6613778799,"ApoA1":0.4620632438,"ApoB_by_ApoA1":0.5338279216,"Total_FA":0.2148967043,"Unsaturation":0.2122721234,"Omega_3":0.0938376648,"Omega_6":0.1435051143,"PUFA":0.1994536944,"MUFA":0.2803144249,"SFA":0.2817112556,"LA":0.2507456315,"DHA":0.1224311879,"Omega_3_pct":0.0834653822,"Omega_6_pct":0.1321159811,"PUFA_pct":0.151247498,"MUFA_pct":0.2623726625,"SFA_pct":0.2074895199,"LA_pct":0.208678189,"DHA_pct":0.0842824336,"PUFA_by_MUFA":0.0767933187,"Omega_6_by_Omega_3":0.0299041065,"Total_BCAA":0.0,"Ile":0.0,"Leu":0.0,"Val":0.0,"Lactate":4.54699015e-17,"Pyruvate":7.615142604e-17,"bOHbutyrate":0.0,"Acetoacetate":0.0,"Acetone":3.408805274e-17,"GlycA":0.1104890421,"XXL_VLDL_P":0.3370898623,"XXL_VLDL_L":0.3975424603,"XXL_VLDL_PL":0.3075807109,"XXL_VLDL_C":0.1685875469,"XXL_VLDL_CE":0.3394097278,"XXL_VLDL_FC":0.3573352441,"XXL_VLDL_TG":0.5115036155,"XL_VLDL_P":0.2552028284,"XL_VLDL_L":0.3551501718,"XL_VLDL_PL":0.2933768465,"XL_VLDL_C":0.2918966278,"XL_VLDL_CE":0.3969025532,"XL_VLDL_FC":0.2975386551,"XL_VLDL_TG":0.2712407505,"L_VLDL_P":0.3354348873,"L_VLDL_L":0.328092735,"L_VLDL_PL":0.4291750357,"L_VLDL_C":0.3211970744,"L_VLDL_CE":0.541780018,"L_VLDL_FC":0.3031278933,"L_VLDL_TG":0.4637154657,"M_VLDL_P":0.48231125,"M_VLDL_L":0.4467707995,"M_VLDL_PL":0.3907719887,"M_VLDL_C":0.3803017277,"M_VLDL_CE":0.6374471782,"M_VLDL_FC":0.3539481013,"M_VLDL_TG":0.4427542112,"S_VLDL_P":0.4118614124,"S_VLDL_L":0.4370312658,"S_VLDL_PL":0.4823272306,"S_VLDL_C":0.461337947,"S_VLDL_CE":0.4914792566,"S_VLDL_FC":0.412646386,"S_VLDL_TG":0.4225470754,"XS_VLDL_P":0.3721480945,"XS_VLDL_L":0.4496977742,"XS_VLDL_PL":0.5143518713,"XS_VLDL_C":0.5015578112,"XS_VLDL_CE":0.8163153283,"XS_VLDL_FC":0.3331454947,"XS_VLDL_TG":0.5241915185,"IDL_P":0.5124577442,"IDL_L":0.5784806629,"IDL_PL":0.788526717,"IDL_C":0.4892013092,"IDL_CE":0.5614364683,"IDL_FC":0.5869780244,"IDL_TG":0.3500979195,"L_LDL_P":0.4735127286,"L_LDL_L":0.642258793,"L_LDL_PL":0.8266400131,"L_LDL_C":0.5145467812,"L_LDL_CE":0.4975982632,"L_LDL_FC":0.5196031386,"L_LDL_TG":0.4703974741,"M_LDL_P":0.4189209774,"M_LDL_L":0.4947519179,"M_LDL_PL":0.7912534716,"M_LDL_C":0.5437851672,"M_LDL_CE":0.3712828757,"M_LDL_FC":0.618059428,"M_LDL_TG":0.6536846456,"S_LDL_P":0.4693532381,"S_LDL_L":0.6232863341,"S_LDL_PL":0.7989035337,"S_LDL_C":0.5104144104,"S_LDL_CE":0.3966564149,"S_LDL_FC":0.6636233971,"S_LDL_TG":0.5465877223,"XL_HDL_P":0.3685472076,"XL_HDL_L":0.3477268696,"XL_HDL_PL":0.3692662465,"XL_HDL_C":0.3587744511,"XL_HDL_CE":0.3601723648,"XL_HDL_FC":0.6773796946,"XL_HDL_TG":0.4498397711,"L_HDL_P":0.3773424163,"L_HDL_L":0.2498831398,"L_HDL_PL":0.4015787584,"L_HDL_C":0.2805726445,"L_HDL_CE":0.2915548663,"L_HDL_FC":0.2477040551,"L_HDL_TG":0.8324845104,"M_HDL_P":0.3643699903,"M_HDL_L":0.4091891739,"M_HDL_PL":0.4996551426,"M_HDL_C":0.4271059992,"M_HDL_CE":0.5575014,"M_HDL_FC":0.3882022014,"M_HDL_TG":0.5817975438,"S_HDL_P":0.5030311688,"S_HDL_L":0.4608270954,"S_HDL_PL":0.463516889,"S_HDL_C":0.5830086,"S_HDL_CE":0.5970500003,"S_HDL_FC":0.7828403695,"S_HDL_TG":0.4642136207,"XXL_VLDL_PL_pct":0.0402357763,"XXL_VLDL_C_pct":0.0477903169,"XXL_VLDL_CE_pct":0.1149706804,"XXL_VLDL_FC_pct":0.1014906618,"XXL_VLDL_TG_pct":0.0027584142,"XL_VLDL_PL_pct":0.0568541997,"XL_VLDL_C_pct":0.0537634976,"XL_VLDL_CE_pct":0.211218723,"XL_VLDL_FC_pct":0.0422935865,"XL_VLDL_TG_pct":0.0869939757,"L_VLDL_PL_pct":0.1273689994,"L_VLDL_C_pct":0.081578435,"L_VLDL_CE_pct":0.2311231328,"L_VLDL_FC_pct":0.3945005109,"L_VLDL_TG_pct":0.2380243787,"M_VLDL_PL_pct":0.3264452622,"M_VLDL_C_pct":0.1427574486,"M_VLDL_CE_pct":0.3655226795,"M_VLDL_FC_pct":0.2303896719,"M_VLDL_TG_pct":0.360713845,"S_VLDL_PL_pct":0.4477355569,"S_VLDL_C_pct":0.2306966914,"S_VLDL_CE_pct":0.4536646659,"S_VLDL_FC_pct":0.3554115723,"S_VLDL_TG_pct":0.4468775803,"XS_VLDL_PL_pct":0.5393954843,"XS_VLDL_C_pct":0.3070591626,"XS_VLDL_CE_pct":0.5017237388,"XS_VLDL_FC_pct":0.5379756075,"XS_VLDL_TG_pct":0.5938887926,"IDL_PL_pct":0.7963753465,"IDL_C_pct":0.3597345151,"IDL_CE_pct":0.4816735262,"IDL_FC_pct":0.5024612347,"IDL_TG_pct":0.5050035157,"L_LDL_PL_pct":0.753000224,"L_LDL_C_pct":0.2009029891,"L_LDL_CE_pct":0.4763977427,"L_LDL_FC_pct":0.346812331,"L_LDL_TG_pct":0.4589489831,"M_LDL_PL_pct":0.5235100677,"M_LDL_C_pct":0.3177144965,"M_LDL_CE_pct":0.5127998614,"M_LDL_FC_pct":0.2864200614,"M_LDL_TG_pct":0.3767526159,"S_LDL_PL_pct":0.5062746302,"S_LDL_C_pct":0.5259212425,"S_LDL_CE_pct":0.3781821707,"S_LDL_FC_pct":0.283201325,"S_LDL_TG_pct":0.5513419837,"XL_HDL_PL_pct":0.0454176623,"XL_HDL_C_pct":0.1559802411,"XL_HDL_CE_pct":0.0783075861,"XL_HDL_FC_pct":0.3110929551,"XL_HDL_TG_pct":0.3937659808,"L_HDL_PL_pct":0.1271976983,"L_HDL_C_pct":0.1111561081,"L_HDL_CE_pct":0.1391656189,"L_HDL_FC_pct":0.1588202108,"L_HDL_TG_pct":0.2330659801,"M_HDL_PL_pct":0.2201558482,"M_HDL_C_pct":0.1435546442,"M_HDL_CE_pct":0.1623788597,"M_HDL_FC_pct":0.3205161207,"M_HDL_TG_pct":0.4963935853,"S_HDL_PL_pct":1.0,"S_HDL_C_pct":0.6202388688,"S_HDL_CE_pct":0.4869878769,"S_HDL_FC_pct":0.9587930039,"S_HDL_TG_pct":0.5418421987}